sku,venta_estimada_m0,venta_estimada_m1,venta_estimada_m2,venta_estimada_m3,venta_estimada_m4
DREAMERTWO,1600,1600,1600,1600,1600
KHCESPMG,1500,1500,1500,1500,1500
KING3000,600,600,600,600,600
KHCESPIB,1560,1560,1560,1560,1560
DREAMERONE,1200,1200,1200,1200,1200
RUMG40,1100,1100,1100,1100,1100
COUPLEDREAMER,550,550,550,550,550
EX-1BNW,200,200,200,200,200
KHCESPIG,1200,1200,1200,1200,1200
56677-BEST,850,850,850,850,850
KHCESPMB,800,800,800,800,800
EX-1B,180,180,180,180,180
CENEVO1,530,530,530,530,530
BATH-VA1-BLA,530,530,530,530,530
RUMG30,700,700,700,700,700
RUM30,670,670,670,670,670
153812,1200,1200,1200,1200,1200
LIV-GARDEN4-NEG,350,350,350,350,350
LIV-GARDEN4-MAR,350,350,350,350,350
EBIKE350-B,150,150,150,150,150
RUM40,550,550,550,550,550
KINGDREAMER,200,200,200,200,200
HIDROKING2000,600,600,600,600,600
SINGLEDREAMER,350,350,350,350,350
KINGCEM5,230,230,230,230,230
QUEENDREAMER,170,170,170,170,170
CP3DREAM135,400,400,400,400,400
BATH-VA1-MAD,280,280,280,280,280
KHSPRING1B,420,420,420,420,420
KINGCEP2,180,180,180,180,180
KH4PLSR,180,180,180,180,180
DRESMULTI4-BLA,210,210,210,210,210
DRESMULTI4-CAO,210,210,210,210,210
KINGDIPLA400,500,500,500,500,500
CENEVO4,200,200,200,200,200
KIND5200,400,400,400,400,400
KHSPRING2B,310,310,310,310,310
KHCESP12MB,320,320,320,320,320
KHSOFABEDGC,220,220,220,220,220
DNG-GLAZI6-NEG,100,100,100,100,100
CP3DREAM100,400,400,400,400,400
SH18-BLA,320,320,320,320,320
SH18-MAD,320,320,320,320,320
DUOSPRING20,150,150,150,150,150
KHCESP12SB,400,400,400,400,400
CP3DREAM80,420,420,420,420,420
KHSOFARG,120,120,120,120,120
KH3PLBB,100,100,100,100,100
KH3PLBBL,100,100,100,100,100
KH3PLGB,100,100,100,100,100
KH3PLGBL,100,100,100,100,100
ETRAIL-6G,45,45,45,45,45
ETRAIL-6B,45,45,45,45,45
HIDROKING2200RC,250,250,250,250,250
KINGCEB3,119,119,119,119,119
KHSOFARB,110,110,110,110,110
FWL30,210,210,210,210,210
TOPPER2M,550,550,550,550,550
KINGSPRING,70,70,70,70,70
XTRAIL-2B,120,120,120,120,120
DNG-ROBLE1-MAR,190,190,190,190,190
DNG-ROBLE1-BEI,190,190,190,190,190
CENEX45,35,35,35,35,35
VOLTFRI50,150,150,150,150,150
KHMESAX4SMN,160,160,160,160,160
EBIKE500-VN,40,40,40,40,40
EBIKE500-GN,40,40,40,40,40
DUOSPRING,80,80,80,80,80
SOLOSPRING20,150,150,150,150,150
KMPR12T,170,170,170,170,170
CENUVA5,90,90,90,90,90
SPRINGDUO16,200,200,200,200,200
KINGSPRING20,75,75,75,75,75
300143,293,293,293,293,293
KINGSDSBRO5N1,130,130,130,130,130
DNG-SALVIA1-BEM,110,110,110,110,110
BIFIPRO-18,40,40,40,40,40
BEDCOU1-MAD,40,40,40,40,40
XTRAIL-1G,125,125,125,125,125
RUM20,570,570,570,570,570
FWL26,180,180,180,180,180
CP3DREAM120,210,210,210,210,210
SOFARE-GRI,90,90,90,90,90
DNG-MINE4-GRI,70,70,70,70,70
DNG-MINE4-BEI,70,70,70,70,70
KHCESP12IB,250,250,250,250,250
ETRAIL-9B,30,30,30,30,30
RUMOR30,180,180,180,180,180
RUMB30,180,180,180,180,180
KHSOFASERENDG,60,60,60,60,60
40137-SZ,190,190,190,190,190
ETRAIL-8G,30,30,30,30,30
GAS-GEN3000,60,60,60,60,60
KHMESAX4S,135,135,135,135,135
SOLOSPRING,75,75,75,75,75
XTRAIL-2OR,80,80,80,80,80
BAMBYFLEX360,110,110,110,110,110
QUEENSPRING20,70,70,70,70,70
KING1000,100,100,100,100,100
VINTA-L,105,105,105,105,105
KHSOFABEDPLM,120,120,120,120,120
RUMGR30,150,150,150,150,150
QUEENSPRING,50,50,50,50,50
LIV-SILVER4-GRI,80,80,80,80,80
ETRAIL-8O,25,25,25,25,25
ETRAIL-8L,25,25,25,25,25
VINTA-R,100,100,100,100,100
KINGFCLNLB,390,390,390,390,390
DRESMULTI6-BLA,65,65,65,65,65
DRESMULTI6-CAF,65,65,65,65,65
DRESMULTI3-CAF,90,90,90,90,90
KH4PLMC,20,20,20,20,20
XTRAIL-4B,50,50,50,50,50
LIV-SUMMER4-NEG,50,50,50,50,50
SOFAMIA-GRO,100,100,100,100,100
DNG-GLAZI6-MAR,40,40,40,40,40
KINGDSET6,65,65,65,65,65
KINGSPODA18,60,60,60,60,60
BEDRM3-BLA,70,70,70,70,70
BEDRM3-CHO,70,70,70,70,70
XTRAIL-1BL,75,75,75,75,75
TOPPER4K,200,200,200,200,200
KINGCEP4,71,71,71,71,71
GAS-GEN2000,30,30,30,30,30
HIDRO-GAS3200,35,35,35,35,35
SOB-GALA2-GRI,45,45,45,45,45
KHMESAX4SNE,100,100,100,100,100
TOPPER1I,300,300,300,300,300
KHSOFASERENG,40,40,40,40,40
300050,40,40,40,40,40
DNG-SALVIA1-BEG,60,60,60,60,60
KH3PLNC,25,25,25,25,25
KH4PLN,55,55,55,55,55
RUMB20,310,310,310,310,310
GAS-GEN3500,20,20,20,20,20
28117EH-INTEX,95,95,95,95,95
KHSOFABEDPLI,115,115,115,115,115
DPBI00030000,30,30,30,30,30
FLR24,85,85,85,85,85
XTRAIL-1W,65,65,65,65,65
XTRAIL-3G,55,55,55,55,55
VINTA-M,75,75,75,75,75
KMPR20T,50,50,50,50,50
SPRINGSINGLE16,120,120,120,120,120
TWR32,280,280,280,280,280
LIV-SUNSET4-VER,20,20,20,20,20
LIV-SUNSET4-BEI,20,20,20,20,20
SOFA-REVE3P-BEI,25,25,25,25,25
SOFA-REVE3P-GRI,25,25,25,25,25
SOFALUXE-BEI,40,40,40,40,40
COMBO-COLEMAN-04,100,100,100,100,100
DNG-LIZO4-GRI,30,30,30,30,30
KMBCF38G,120,120,120,120,120
DNG-SUNSET5-VER,20,20,20,20,20
DNG-SUNSET5-BEI,20,20,20,20,20
300588,135,135,135,135,135
67472-BEST,250,250,250,250,250
VOLTFRI90,43,43,43,43,43
DNG-LUMI4-NEG,45,45,45,45,45
DNG-LUMI4-BLA,45,45,45,45,45
KHSOFABED2GO,61,61,61,61,61
XTRAIL-2G,45,45,45,45,45
H1PSVOLTI,75,75,75,75,75
DRESMULTI2-BLA,85,85,85,85,85
FVT26,85,85,85,85,85
TOPDREAM4K,100,100,100,100,100
KHSRO24,100,100,100,100,100
KHSOFASERENB,30,30,30,30,30
KHLOUNGERLG-KIT2,45,45,45,45,45
EBIKE800-G,10,10,10,10,10
KINGPUMP65,90,90,90,90,90
KINGSHOGA52,55,55,55,55,55
JAR-MASON8-BAM,296,296,296,296,296
HIDROKING1500,130,130,130,130,130
67404-BEST,143,143,143,143,143
KHLOUNGERDG,85,85,85,85,85
HIDRO-GAS2600,25,25,25,25,25
RUMG20,217,217,217,217,217
KH4PLM,38,38,38,38,38
VWINE12,50,50,50,50,50
300201-SZ,50,50,50,50,50
DRESMULTI2-CAF,75,75,75,75,75
DRESMULTI2-CHO,75,75,75,75,75
TOPPER3Q,150,150,150,150,150
300192-SZ,65,65,65,65,65
LIV-SUNSET5-VER,15,15,15,15,15
LIV-SUNSET5-BEI,15,15,15,15,15
100005-SZ,135,135,135,135,135
KINGSINGLE3,40,40,40,40,40
67226-BEST,230,230,230,230,230
H1PLVOLTI,40,40,40,40,40
TWR291,240,240,240,240,240
LIV-TERRA4-MAR,25,25,25,25,25
KHLOUNGERLG,75,75,75,75,75
KHGABH4,40,40,40,40,40
67631-BEST,130,130,130,130,130
HJFPBN000000,283,283,283,283,283
DNG-ROBLE2-BEI,55,55,55,55,55
URBAN-B,50,50,50,50,50
URBAN-G,50,50,50,50,50
CLOUDUO15,70,70,70,70,70
SBCLOUD2B,35,35,35,35,35
VINTA-B,50,50,50,50,50
KHMESAX4SMC,47,47,47,47,47
KHSOFALEIADG,20,20,20,20,20
KHSOFALEIAG,20,20,20,20,20
KHLOUNGERDG-KIT2,35,35,35,35,35
300298,136,136,136,136,136
KHMIRRE,70,70,70,70,70
SOFA-SERENE-GRO,25,25,25,25,25
KINGBISTRO3DG,75,75,75,75,75
FLR24Y,55,55,55,55,55
KH4PLBC,20,20,20,20,20
BEDSIN1-BLA,30,30,30,30,30
SGXMASL210S,40,40,40,40,40
HIDROKING2000RM,75,75,75,75,75
300142,85,85,85,85,85
KINGBIFI18,30,30,30,30,30
KINGBIFI8,46,46,46,46,46
TOPDREAM2M,100,100,100,100,100
XTRAIL-3B,30,30,30,30,30
XTRAIL-1O,35,35,35,35,35
28131-INTEX,40,40,40,40,40
KHMESHB,160,160,160,160,160
TOLIXKIT#4-BA2NEM,40,40,40,40,40
DRESMULTI2-NOG,55,55,55,55,55
CHEST-L5H-GRI,100,100,100,100,100
CHEST-L5H-BEI,100,100,100,100,100
SWG-SUMMER-GRI,40,40,40,40,40
KINGSCOFFETABLE1,60,60,60,60,60
KINGSCOFFETABLE2,60,60,60,60,60
KINGSDESBROP,60,60,60,60,60
SOFA-SERENE-BEI,20,20,20,20,20
SOFA-SERENE-GRI,20,20,20,20,20
VOEPPRO4,50,50,50,50,50
BATH-MI60-MAD,60,60,60,60,60
KINGDSET6G,26,26,26,26,26
BAMBYFLEX,76,76,76,76,76
BAMBYFLEX360G,35,35,35,35,35
URBAN-O,35,35,35,35,35
DNG-LIZO4-GRO,15,15,15,15,15
COLORINOX7M,100,100,100,100,100
XTRAIL-3L,25,25,25,25,25
JAR-MASON5-MET,235,235,235,235,235
XTRAIL-4G,18,18,18,18,18
DNG-GLAZI6-GRI,15,15,15,15,15
57275-BEST,40,40,40,40,40
VNT-PROSIL-WTH-MUS,150,150,150,150,150
CHEST-L5V-GRI,90,90,90,90,90
CHEST-L5V-BEI,90,90,90,90,90
BAMBYMOON30,90,90,90,90,90
TWR29,180,180,180,180,180
KMUTC3,110,110,110,110,110
2160832,61,61,61,61,61
BAMBYDREAM40,60,60,60,60,60
KTM0018-KLE,130,130,130,130,130
BATH-MI60-BLA,50,50,50,50,50
300244-SZ,52,52,52,52,52
BAMBYDREAM20,80,80,80,80,80
28107EH-INTEX,38,38,38,38,38
CHEST-M4-BEI,100,100,100,100,100
CHEST-M4-GRI,100,100,100,100,100
COLORCONT5G,175,175,175,175,175
BAMBYFLEXG,60,60,60,60,60
KINGFCLNB,130,130,130,130,130
BAMBYBASIC,97,97,97,97,97
KMMC36,140,140,140,140,140
BAMBYDREAM40X,45,45,45,45,45
KINGSPLT25,19,19,19,19,19
HSO-8013-SYN,40,40,40,40,40
2094860-CON,190,190,190,190,190
COLORINOX11C,50,50,50,50,50
KINGBISTRO3LG,45,45,45,45,45
COLORINOX11G,45,45,45,45,45
BAMBYGO,100,100,100,100,100
KINGDIPLE120,120,120,120,120,120
FLR30Y,28,28,28,28,28
KINGSRACK4,71,71,71,71,71
67224-BEST,180,180,180,180,180
100007-SZ,40,40,40,40,40
CLOUDSINGLE15,45,45,45,45,45
KMBCF35G,60,60,60,60,60
H1PSVOLTB,30,30,30,30,30
KMCF23N,150,150,150,150,150
53068-BEST,40,40,40,40,40
SOB-VEGA3-GRI,22,22,22,22,22
KINGCHEST5,60,60,60,60,60
HIDROKING1300,60,60,60,60,60
KINGBUNK4,15,15,15,15,15
BAMBYFLEXR,50,50,50,50,50
VNT-PROSIL-BLK-MUS,97,97,97,97,97
300197-SZ,35,35,35,35,35
TOLIXKIT#4-CLA2NEM,20,20,20,20,20
VOEPPRO5,30,30,30,30,30
COLORINOX12,45,45,45,45,45
57183NP-INTEX,45,45,45,45,45
BATH-MI60-LED,60,60,60,60,60
BATH-MI75-MAD,35,35,35,35,35
KMET50,35,35,35,35,35
2160823,102,102,102,102,102
28040-INTEX,30,30,30,30,30
2094865-CON,150,150,150,150,150
28022-INTEX,180,180,180,180,180
KINGPRESSB,45,45,45,45,45
SFDHERGBN350A-BEL,20,20,20,20,20
KMCF23NR,128,128,128,128,128
300485,50,50,50,50,50
KINGBIFI1,46,46,46,46,46
HJCWWB010000,60,60,60,60,60
JAR-MASON8-2,106,106,106,106,106
2094861-CON,140,140,140,140,140
CONT-HERMET5,150,150,150,150,150
TOLIXKIT#4-BA2BLA,20,20,20,20,20
KINGCHEST5GN,50,50,50,50,50
KINGFCLNBKIT3,45,45,45,45,45
TOLIXKIT#4-CLA1ROJ,20,20,20,20,20
SOFA-LEIA-VER,8,8,8,8,8
SOFA-LEIA-GRI,8,8,8,8,8
KHMIRRE2,30,30,30,30,30
KINGCHEST5-1G,50,50,50,50,50
TOLIXKIT#4-CLA1BLA,20,20,20,20,20
TOLIXKIT#4-BA2ROJ,20,20,20,20,20
KINGPRESSM6,45,45,45,45,45
DPBMBP000001,20,20,20,20,20
2180606,30,30,30,30,30
TOPDREAM1I,50,50,50,50,50
SKYROUNDST36W,35,35,35,35,35
SKYROUNDST36B,35,35,35,35,35
706632-PEL,49,49,49,49,49
HJBOEL000000,140,140,140,140,140
KMMC40,75,75,75,75,75
06019G80G1-BOS,30,30,30,30,30
GB-100S-BEL,30,30,30,30,30
2204456-CON,90,90,90,90,90
VWINE8,19,19,19,19,19
2094853-CON,130,130,130,130,130
KHSO113,45,45,45,45,45
BAMBYNOOZ3,47,47,47,47,47
KINGSINGLE5,12,12,12,12,12
VINTA-N,16,16,16,16,16
BATH-MI75-BLA,25,25,25,25,25
DREAMSPEDIC,125,125,125,125,125
300322,30,30,30,30,30
B1275-SZ,32,32,32,32,32
FVT30,20,20,20,20,20
SBCLOUDB,12,12,12,12,12
2194261-CON,105,105,105,105,105
300191-SZ,18,18,18,18,18
KINGSVIBC6,8,8,8,8,8
JAR-MASON4,161,161,161,161,161
KINGSINGLE4,10,10,10,10,10
TOLIXKIT#2-CLA2NEM,20,20,20,20,20
KINGCHEST2W,50,50,50,50,50
HJPEPM280002,100,100,100,100,100
2158120,30,30,30,30,30
B1276-SZ,30,30,30,30,30
2204453-CON,70,70,70,70,70
2199282-CON,65,65,65,65,65
2198356-CON,65,65,65,65,65
67004-BEST,67,67,67,67,67
URBAN-L,13,13,13,13,13
BAMBYDREAM30,30,30,30,30,30
100006-SZ,20,20,20,20,20
HJSBSB050001,15,15,15,15,15
300193-SZ,15,15,15,15,15
HJSBSB020001,15,15,15,15,15
KINGMSK400,150,150,150,150,150
KINGCHEST5W,30,30,30,30,30
43402-BEST,30,30,30,30,30
KINGBIFI6,17,17,17,17,17
300257,40,40,40,40,40
KHGMIRM,40,40,40,40,40
HJAN18050001,40,40,40,40,40
SKYXMASTREE210,40,40,40,40,40
KINGPRESST,12,12,12,12,12
2169466-CON,90,90,90,90,90
KMCF23G,69,69,69,69,69
TOLIXKIT#2-CLA2BLA,15,15,15,15,15
3000006476,20,20,20,20,20
2000037612,30,30,30,30,30
SHWRCH1,30,30,30,30,30
D-37029-MAK,300,300,300,300,300
MAGNEKING4KIT,110,110,110,110,110
CHEST-M3-BEI,45,45,45,45,45
CHEST-M3-GRI,45,45,45,45,45
28026-INTEX,80,80,80,80,80
29056-INTEX,90,90,90,90,90
2147560,30,30,30,30,30
KHGABP4,8,8,8,8,8
FLR30,11,11,11,11,11
300640,40,40,40,40,40
43554-BEST,40,40,40,40,40
TOLIXKIT#4-CLA1NEM,10,10,10,10,10
2201794-CON,50,50,50,50,50
3000006578,20,20,20,20,20
KINGSALONSH10,20,20,20,20,20
COLORCONT4,130,130,130,130,130
BSHD02170001,140,140,140,140,140
KINGCHEST5W-1,25,25,25,25,25
BAMBYMOON20,30,30,30,30,30
2158118,30,30,30,30,30
CEC3VOLT,40,40,40,40,40
BAMBYBOOST,80,80,80,80,80
2164919-CON,50,50,50,50,50
HJPEPB010000,60,60,60,60,60
2164911-CON,45,45,45,45,45
57441NP-INTEX,45,45,45,45,45
300227,50,50,50,50,50
KINGSALONAUXW1,20,20,20,20,20
DREAMSPEDICQ,60,60,60,60,60
KMCF38N,17,17,17,17,17
SOB-GALA3-GRI,4,4,4,4,4
3000006572,20,20,20,20,20
28048-INTEX,40,40,40,40,40
DW1163-DWA,40,40,40,40,40
2160841,30,30,30,30,30
66633E-INTEX,30,30,30,30,30
KMCF35NR,22,22,22,22,22
300150,160,160,160,160,160
HJSR2A000003,80,80,80,80,80
KMEM35,10,10,10,10,10
52478-BEST,30,30,30,30,30
2198410-CON,60,60,60,60,60
TOLIXKIT#2-BA2ROJ,10,10,10,10,10
TOLIXKIT#2-BA2NEM,10,10,10,10,10
2158134,40,40,40,40,40
2201793-CON,35,35,35,35,35
KINGSTVCABINET3,8,8,8,8,8
56493NP-INTEX,20,20,20,20,20
58786EU-INTEX,20,20,20,20,20
2156382,40,40,40,40,40
ADP06-MAK,45,45,45,45,45
KINGBIFI13,5,5,5,5,5
BEDRM3-NOG,5,5,5,5,5
TOLIXKIT#2-BA2BLA,10,10,10,10,10
TOLIXKIT#2-CLA1ROJ,10,10,10,10,10
TOLIXKIT#2-CLA1NEM,10,10,10,10,10
TOLIXKIT#2-CLA1BLA,10,10,10,10,10
52278-BEST,20,20,20,20,20
KINGCHEST2G,25,25,25,25,25
2180607,20,20,20,20,20
TOLIXKIT#4-CLA2BLA,5,5,5,5,5
2158117,20,20,20,20,20
58412NP-INTEX,80,80,80,80,80
58883NP-INTEX,40,40,40,40,40
DREAMSCOVERSG,40,40,40,40,40
2158119,30,30,30,30,30
2158645,40,40,40,40,40
300597,40,40,40,40,40
2158133,20,20,20,20,20
43421-BEST,40,40,40,40,40
300552,20,20,20,20,20
300544,40,40,40,40,40
2186459-CON,40,40,40,40,40
1700843-LIB,40,40,40,40,40
HJSBSB010001,6,6,6,6,6
300564,40,40,40,40,40
2186457-CON,40,40,40,40,40
XMASLIGHT450,40,40,40,40,40
COLORBOARD3,120,120,120,120,120
29057-INTEX,20,20,20,20,20
70290-CON,100,100,100,100,100
DREAMSCOVERSI,34,34,34,34,34
300152,40,40,40,40,40
CE1GVOLT,30,30,30,30,30
XMASLIGHT250,40,40,40,40,40
2000034754,40,40,40,40,40
2195204-CON,40,40,40,40,40
300230,40,40,40,40,40
2000034753,40,40,40,40,40
HJ3P3P010001,60,60,60,60,60
MAGNEKING5KIT,80,80,80,80,80
DREAMSDUOMIXQ,34,34,34,34,34
300241,40,40,40,40,40
HJWCWA010000,13,13,13,13,13
28032-INTEX,30,30,30,30,30
2162082-CON,40,40,40,40,40
57141NP-INTEX,30,30,30,30,30
300262-NEG,74,74,74,74,74
43555-BEST,40,40,40,40,40
58753EU-INTEX,20,20,20,20,20
2181410-CON,30,30,30,30,30
2100871-CON,30,30,30,30,30
300264,40,40,40,40,40
KINGCHEST5-1,10,10,10,10,10
DPMCMN000001,20,20,20,20,20
CE1BVOLT,25,25,25,25,25
300280,40,40,40,40,40
COLORSTEEL5N,40,40,40,40,40
COLORSTEEL5R,40,40,40,40,40
BAMBYBOOSTG,40,40,40,40,40
D-37100-MAK,100,100,100,100,100
2000035540,20,20,20,20,20
B-90467-MAK,40,40,40,40,40
DREAMSCOVERSC,25,25,25,25,25
300194-SZ,4,4,4,4,4
HJSBSB140001,4,4,4,4,4
COLORSTEEL4R,40,40,40,40,40
300293,40,40,40,40,40
2094848-CON,30,30,30,30,30
KINGMSK50,50,50,50,50,50
2126115-CON,35,35,35,35,35
300326,40,40,40,40,40
29005-INTEX,40,40,40,40,40
606-BLK-PTY-BCH,40,40,40,40,40
300156,80,80,80,80,80
300285,40,40,40,40,40
BAMBYBOOSTGN,30,30,30,30,30
300161,40,40,40,40,40
KINGCHEST5-1BWB,7,7,7,7,7
300453,20,20,20,20,20
COLORJAR5,20,20,20,20,20
2198369-CON,20,20,20,20,20
2121050-CON,20,20,20,20,20
300160,20,20,20,20,20
2198406-CON,20,20,20,20,20
300563,40,40,40,40,40
300265,30,30,30,30,30
300330,30,30,30,30,30
300266,30,30,30,30,30
300225,40,40,40,40,40
300158,40,40,40,40,40
CHRACK1,20,20,20,20,20
KINGCHEST5GB,5,5,5,5,5
300159,20,20,20,20,20
29020-INTEX,30,30,30,30,30
58095-BEST,30,30,30,30,30
CEC2GVOLT,21,21,21,21,21
300232,40,40,40,40,40
300277,20,20,20,20,20
66635-INTEX,20,20,20,20,20
COLORSTEEL4N,20,20,20,20,20
1720743-LIB,20,20,20,20,20
58319-BEST,25,25,25,25,25
BSHD02160001,25,25,25,25,25
DPCPCP020001,25,25,25,25,25
59895NP-INTEX,20,20,20,20,20
300584,30,30,30,30,30
51-471-STA,20,20,20,20,20
2186456-CON,20,20,20,20,20
USL004-URR,20,20,20,20,20
300144,40,40,40,40,40
VWINE18,1,1,1,1,1
KHMESAX4SMCG,1,1,1,1,1
2169253-CON,8,8,8,8,8
2094863-CON,9,9,9,9,9
2608619383-BOS,30,30,30,30,30
300147,30,30,30,30,30
DPCSCS000001,40,40,40,40,40
DPCSCS020001,40,40,40,40,40
DPCSCS030001,40,40,40,40,40
SBCLOUDG,1,1,1,1,1
KINGCHEST2B,5,5,5,5,5
KINGCHEST2,5,5,5,5,5
2144598-CON,10,10,10,10,10
BSOMES110001,20,20,20,20,20
HJPA12050001,30,30,30,30,30
HJPA19050001,40,40,40,40,40
ALEBRIBOXPROG,4,4,4,4,4
DPCPCP000001,13,13,13,13,13
2144612-CON,5,5,5,5,5
2144597-CON,5,5,5,5,5
COLORJAR1-5,10,10,10,10,10
2144613-CON,2,2,2,2,2
OPAL12SQ-BLA,0,0,0,0,0
SGXMAS180,0,0,0,0,0
OPAL12-BLA,0,0,0,0,0
CENEOX2,0,0,0,0,0
TOLIX-CLASSIC1-BLA,0,0,0,0,0
TOLIX-BAR2-NEM,0,0,0,0,0
BIFIPRO-8,0,0,0,0,0
TOLIX-CLASSIC1-NEM,0,0,0,0,0
OPAL16SQ-BLA,0,0,0,0,0
OPAL16-BLA,0,0,0,0,0
OPAL31-BLA,0,0,0,0,0
TBINMET7,0,0,0,0,0
TBINMET12,0,0,0,0,0
TOLIX-CLASSIC1-ROJ,0,0,0,0,0
TOLIX-BAR2-BLA,0,0,0,0,0
TBINMET30,0,0,0,0,0
TOLIX-BAR2-ROJ,0,0,0,0,0
TOLIX-CLASSIC2-NEM,0,0,0,0,0
SGXMAS210F,0,0,0,0,0
2169465-CON,0,0,0,0,0
PRESSBE-5,0,0,0,0,0
OPAL25-BLA,0,0,0,0,0
TBINMET8,0,0,0,0,0
CENEOX3,0,0,0,0,0
LIVGREEN4-NEG,0,0,0,0,0
TBINMET20,0,0,0,0,0
BIFIPRO-13,0,0,0,0,0
BIFISPIN-1,0,0,0,0,0
RACKMU200-NEG,0,0,0,0,0
TBINMET6,0,0,0,0,0
KMEM27,0,0,0,0,0
293406,0,0,0,0,0
TOLIX-CLASSIC2-BLA,0,0,0,0,0
BIFIPRO-15,0,0,0,0,0
GDSGREEN6-GRI,0,0,0,0,0
BIFISPIN-6,0,0,0,0,0
PRESSBE-7,0,0,0,0,0
CENEX3,0,0,0,0,0
KMEM45,0,0,0,0,0
2110465-CON,0,0,0,0,0
59460NP-INTEX,0,0,0,0,0
B1276-SZ-SR,0,0,0,0,0
RACKTA-BLA,0,0,0,0,0
RACKMU6-NEG,0,0,0,0,0
HJBSBS000001,0,0,0,0,0
COLORINOX7B,0,0,0,0,0
BEDTW2-BLA,0,0,0,0,0
BEDSIN2-MAD,0,0,0,0,0
KH4PLSRB,0,0,0,0,0
RACKMU6-BLA,0,0,0,0,0
BEDTW2-MAD,0,0,0,0,0
SOFA-LEIA-GRO,0,0,0,0,0
SBCLOUD2G,0,0,0,0,0
KINGCHEST5G,0,0,0,0,0
300200-SZ,0,0,0,0,0
BBHSE-EVOL27-GRI,0,0,0,0,0
KINGCE1,0,0,0,0,0
KINGCHEST5BW,0,0,0,0,0
HJPEPC160003,0,0,0,0,0
DREAMERTWO-SMR,0,0,0,0,0
COUPLEDREAMER-SMR,0,0,0,0,0
DREAMERONE-SMR,0,0,0,0,0
KING3000-SMR,0,0,0,0,0
EX-1BNW-SMR,0,0,0,0,0
EBIKE800-G-SMR,0,0,0,0,0
ETRAIL-6G-SMR,0,0,0,0,0
EBIKE350-B-SMR,0,0,0,0,0
HIDRO-GAS3200-SMR,0,0,0,0,0
ETRAIL-8O-SMR,0,0,0,0,0
EBIKE500-VN-SMR,0,0,0,0,0
GAS-GEN3000-SMR,0,0,0,0,0
ETRAIL-8L-SMR,0,0,0,0,0
GAS-GEN2000-SMR,0,0,0,0,0
BEDSIN4-BLA,0,0,0,0,0
PRESSBE-2,0,0,0,0,0
BEDTW1-MAD,0,0,0,0,0
PRESSBE-4,0,0,0,0,0
BEDCR-BLA,0,0,0,0,0
PRESSBE-1,0,0,0,0,0
BEDCOU1-BLA,0,0,0,0,0
BEDSIN4-MAD,0,0,0,0,0
BEDCOU2-BLA,0,0,0,0,0
BEDSIN3-MAD,0,0,0,0,0
DNGLEX4-GRI,0,0,0,0,0
KHSOFALUXEB,0,0,0,0,0
KHSOFALUXEG,0,0,0,0,0
BEDSIN2-BLA,0,0,0,0,0
COMBO-RUMBO-4,0,0,0,0,0
SH18-NEG,0,0,0,0,0
XTRAIL-1B,0,0,0,0,0
EX-1B-SMR,0,0,0,0,0
EX-1GR,0,0,0,0,0
COMBO-RUMBO-2,0,0,0,0,0
COMBO-RUMBO-3,0,0,0,0,0
DESK-GMG-NEG,0,0,0,0,0
BUR-MAPLE3-MAD,0,0,0,0,0
DNGVITA6-BEI,0,0,0,0,0
BEDSIN3-BLA,0,0,0,0,0
COMBO-KH-127,0,0,0,0,0
TABL-MONTAN1-NEG,0,0,0,0,0
TABL-MONTAN3-MAD,0,0,0,0,0
BUR-MAPLE2-MAD,0,0,0,0,0
SHMTN3-MAD,0,0,0,0,0
TABL-CLARA1-MAD,0,0,0,0,0
BUR-CLARA3-MAD,0,0,0,0,0
SSH100B01-CON,0,0,0,0,0
SSH100A01-CON,0,0,0,0,0
SSG100B01-CON,0,0,0,0,0
SSA100B01-CON,0,0,0,0,0
SSA100A01-CON,0,0,0,0,0
DNGVITA6-GRI,0,0,0,0,0
SH3-BLA,0,0,0,0,0
DNGLEX4-NEG,0,0,0,0,0
DNGLUNA6-NEG,0,0,0,0,0
DNGLUNA6-GRI,0,0,0,0,0
KINGCHEST5BWB,0,0,0,0,0
KINGCHEST5-2,0,0,0,0,0
KINGCHEST5-1BW,0,0,0,0,0
KHSOFALEIAB,0,0,0,0,0
SHMTN4-MAD,0,0,0,0,0
SHMTN1-NEG,0,0,0,0,0
DNGLEX4-MAR,0,0,0,0,0
COOKDOM16-ROJ,0,0,0,0,0
COOKDOM16-NEG,0,0,0,0,0
SH4-BLA,0,0,0,0,0
XTRAIL-3Y,0,0,0,0,0
XTRAIL-3R,0,0,0,0,0
EX-1W,0,0,0,0,0
EX-1R,0,0,0,0,0
EX-1G,0,0,0,0,0
EX-1BL,0,0,0,0,0
DRESMULTI3-NOG,0,0,0,0,0
DNG-ROBLE2-BEN,0,0,0,0,0
TABL-ARENA2-NEG,0,0,0,0,0
COMBO-RUMBO-1,0,0,0,0,0
TABL-ARENA2-BLA,0,0,0,0,0
SOFAMIA-GRI,0,0,0,0,0
SHMTN2-MAD,0,0,0,0,0
SHED-2-NEG,0,0,0,0,0
SHED-1-NEG,0,0,0,0,0
LIVGREEN4-MAR,0,0,0,0,0
GDSGREEN6-GRO,0,0,0,0,0
FRG140,0,0,0,0,0
DRES-ARIA-NEG,0,0,0,0,0
DRES-ARIA-BLA,0,0,0,0,0
DESK-ARIA2-NEG,0,0,0,0,0
DESK-ARIA2-BLA,0,0,0,0,0
COOKTRI7-NEG,0,0,0,0,0
COOKTRI7-GRI,0,0,0,0,0
72953-CON,0,0,0,0,0
72952-CON,0,0,0,0,0
COOKTRI12-MET,0,0,0,0,0
COOKTRI11-MET,0,0,0,0,0
COOKTRI11-CAF,0,0,0,0,0
2190581-CON,0,0,0,0,0
2164913-CON,0,0,0,0,0
2100873-CON,0,0,0,0,0
2100872-CON,0,0,0,0,0
2094862-CON,0,0,0,0,0
2094859-CON,0,0,0,0,0
2094854-CON,0,0,0,0,0
2094852-CON,0,0,0,0,0
2094844-CON,0,0,0,0,0
2094843-CON,0,0,0,0,0
2094830-CON,0,0,0,0,0
2063322-CON,0,0,0,0,0
2063321-CON,0,0,0,0,0
2063300-CON,0,0,0,0,0
BUR-ARIA2-NEG,0,0,0,0,0
BUR-ARIA2-BLA,0,0,0,0,0
BUR-ARIA1-NEG,0,0,0,0,0
BUR-ARIA1-BLA,0,0,0,0,0
BUR-ARENA3-NEG,0,0,0,0,0
BUR-ARENA3-BLA,0,0,0,0,0
BUR-ARENA2-NEG,0,0,0,0,0
BUR-ARENA2-BLA,0,0,0,0,0
BUR-ARENA1-NEG,0,0,0,0,0
BUR-ARENA1-BLA,0,0,0,0,0
2160826,0,0,0,0,0
URBAN-W,0,0,0,0,0
SKYTRAV40,0,0,0,0,0
EBIKE500-GN-SMR,0,0,0,0,0
ETRAIL-9B-SMR,0,0,0,0,0
ETRAIL-8G-SMR,0,0,0,0,0
ETRAIL-6B-SMR,0,0,0,0,0
HIDRO-GAS2600-SMR,0,0,0,0,0
GAS-GEN3500-SMR,0,0,0,0,0